Linaje;Variantes
B.1.1.7;N501Y
B.1.1.7;P681H
B.1.1.7+E484K;N501Y,D614G,E484K
B.1.1.7+L452R;L452R,N501Y,D614G
B.1.351;N501Y,P681H,D614G,E484K,K417N
B.1.351+P384L;P384L,K417N,E484K,N501Y,D614G
B.1.351+E516Q;K417N,E484K,N501Y,E516Q,D614G
P.1;N501Y,E484K,K417T,D614G
B.1.427;L452R,D614G,S452R
B.1.429;S13I,W152C,L452R,D614G,S452R,orf1ab:D5584Y,N:T205I
B.1.525;E484K,D614G,Q677H
P.3;E484K,N501Y,D614G
B.1.616;V482A,D614G,H655Y,G669S
B.1.617.1;L452R,E484Q,D614G
B.1.617.3;L452R,E484Q,D614G
B.1.617.2;L452R,T478K,D614G
B.1.620;S477N,E484K,D614G
B.1.621;N501Y,E484K,R346K,P681H,del:26158:4
B.1.214.2;Q414K,N450K,ins214TDR,D614G
A.23.1+E484K;E484K,Q613H
A.27;L452R,N501Y,H655Y
A.28;E484K,N501T,H655Y,del:69-70
C.16;L452R,D614G
C.37;L452Q,F490S,D614G
C.36+L452R;L452R,D614G
AT.1;E484K,D614G
B.1.526;T95I,D253G
B.1.526.1;L452R,D614G
B.1.526.2;S477N,D614G
B.1.1.318;E484K,D614G,D796H,P681H,T95I,Y144del
P.2;E484K,D614G
